AnimalName,symptoms1,symptoms2,symptoms3,symptoms4,symptoms5,Dangerous
Horse,Fever,Skin rash,Lameness,Cough,Diarrhea,Yes
Goat,Lameness,Loss of appetite,Swelling,Vomiting,Lethargy,Yes
Rabbit,Diarrhea,Difficulty breathing,Loss of appetite,Cough,Skin rash,No
Sheep,Diarrhea,Swelling,Vomiting,Cough,Vomiting,Yes
Horse,Vomiting,Fever,Loss of appetite,Loss of appetite,Vomiting,No
Duck,Lameness,Difficulty breathing,Cough,Skin rash,Difficulty breathing,No
Cow,Vomiting,Lameness,Diarrhea,Swelling,Diarrhea,Yes
Horse,Lameness,Lethargy,Lethargy,Diarrhea,Diarrhea,No
Rabbit,Skin rash,Diarrhea,Difficulty breathing,Loss of appetite,Swelling,Yes
Sheep,Fever,Skin rash,Swelling,Difficulty breathing,Loss of appetite,No
Goat,Skin rash,Loss of appetite,Vomiting,Loss of appetite,Diarrhea,Yes
Rabbit,Swelling,Skin rash,Loss of appetite,Lameness,Cough,No
Rabbit,Loss of appetite,Difficulty breathing,Skin rash,Diarrhea,Loss of appetite,Yes
Cow,Lethargy,Diarrhea,Cough,Fever,Cough,No
Pig,Lameness,Lameness,Lethargy,Difficulty breathing,Vomiting,No
Sheep,Swelling,Vomiting,Lethargy,Lethargy,Loss of appetite,No
Cat,Loss of appetite,Fever,Swelling,Loss of appetite,Diarrhea,No
Rabbit,Difficulty breathing,Diarrhea,Difficulty breathing,Cough,Lethargy,No
Pig,Fever,Lethargy,Lameness,Swelling,Difficulty breathing,No
Cat,Vomiting,Swelling,Skin rash,Fever,Cough,Yes
Sheep,Vomiting,Lameness,Swelling,Loss of appetite,Loss of appetite,Yes
Dog,Skin rash,Fever,Loss of appetite,Loss of appetite,Diarrhea,Yes
Duck,Diarrhea,Loss of appetite,Diarrhea,Vomiting,Loss of appetite,No
Pig,Loss of appetite,Swelling,Fever,Vomiting,Diarrhea,No
Chicken,Difficulty breathing,Difficulty breathing,Lameness,Fever,Diarrhea,No
Dog,Swelling,Diarrhea,Difficulty breathing,Skin rash,Diarrhea,Yes
Duck,Fever,Fever,Cough,Vomiting,Swelling,No
Cow,Loss of appetite,Cough,Lameness,Cough,Difficulty breathing,Yes
Horse,Difficulty breathing,Vomiting,Vomiting,Difficulty breathing,Lethargy,No
Goat,Lethargy,Vomiting,Difficulty breathing,Lethargy,Lethargy,No
Chicken,Lameness,Lameness,Diarrhea,Diarrhea,Loss of appetite,No
Cow,Vomiting,Loss of appetite,Vomiting,Lethargy,Loss of appetite,No
Sheep,Swelling,Lameness,Lameness,Lethargy,Diarrhea,No
Cow,Vomiting,Cough,Fever,Diarrhea,Swelling,Yes
Horse,Swelling,Lethargy,Fever,Vomiting,Diarrhea,No
Sheep,Skin rash,Loss of appetite,Diarrhea,Fever,Swelling,Yes
Chicken,Diarrhea,Skin rash,Lethargy,Diarrhea,Diarrhea,No
Horse,Swelling,Lethargy,Skin rash,Lameness,Cough,No
Cat,Vomiting,Loss of appetite,Cough,Skin rash,Cough,Yes
Goat,Skin rash,Loss of appetite,Lethargy,Difficulty breathing,Vomiting,Yes
Chicken,Swelling,Cough,Fever,Swelling,Diarrhea,No
Cat,Lethargy,Difficulty breathing,Fever,Vomiting,Difficulty breathing,No
Duck,Diarrhea,Cough,Loss of appetite,Skin rash,Vomiting,No
Chicken,Swelling,Loss of appetite,Vomiting,Diarrhea,Loss of appetite,Yes
Duck,Skin rash,Fever,Lameness,Lameness,Skin rash,Yes
Sheep,Loss of appetite,Lethargy,Cough,Swelling,Diarrhea,No
Cat,Cough,Cough,Diarrhea,Difficulty breathing,Cough,No
Goat,Difficulty breathing,Difficulty breathing,Lameness,Difficulty breathing,Skin rash,Yes
Horse,Cough,Diarrhea,Loss of appetite,Vomiting,Swelling,No
Rabbit,Cough,Lameness,Fever,Diarrhea,Skin rash,Yes
Cow,Fever,Loss of appetite,Diarrhea,Skin rash,Difficulty breathing,No
Dog,Lethargy,Skin rash,Fever,Fever,Diarrhea,No
Goat,Loss of appetite,Diarrhea,Cough,Skin rash,Lethargy,No
Cat,Lameness,Vomiting,Vomiting,Skin rash,Skin rash,No
Rabbit,Swelling,Swelling,Lameness,Difficulty breathing,Lethargy,No
Goat,Difficulty breathing,Difficulty breathing,Lameness,Fever,Swelling,Yes
Cat,Diarrhea,Skin rash,Lethargy,Fever,Vomiting,Yes
Pig,Loss of appetite,Swelling,Diarrhea,Vomiting,Lethargy,No
Pig,Vomiting,Difficulty breathing,Skin rash,Swelling,Vomiting,No
Duck,Lameness,Fever,Loss of appetite,Loss of appetite,Cough,No
Goat,Fever,Lameness,Skin rash,Lethargy,Diarrhea,No
Pig,Fever,Diarrhea,Lethargy,Lethargy,Skin rash,No
Cat,Loss of appetite,Lethargy,Cough,Difficulty breathing,Cough,Yes
Duck,Skin rash,Difficulty breathing,Loss of appetite,Loss of appetite,Cough,No
Cat,Cough,Lethargy,Vomiting,Swelling,Lameness,No
Duck,Vomiting,Lameness,Skin rash,Loss of appetite,Fever,No
Goat,Fever,Loss of appetite,Vomiting,Vomiting,Difficulty breathing,No
Rabbit,Difficulty breathing,Vomiting,Skin rash,Skin rash,Vomiting,Yes
Horse,Fever,Diarrhea,Vomiting,Difficulty breathing,Lameness,No
Chicken,Diarrhea,Lameness,Skin rash,Fever,Fever,No
Rabbit,Swelling,Lameness,Vomiting,Difficulty breathing,Difficulty breathing,No
Sheep,Fever,Fever,Lethargy,Lethargy,Vomiting,Yes
Cat,Diarrhea,Swelling,Difficulty breathing,Swelling,Diarrhea,Yes
Sheep,Loss of appetite,Vomiting,Loss of appetite,Loss of appetite,Difficulty breathing,Yes
Rabbit,Loss of appetite,Diarrhea,Diarrhea,Swelling,Skin rash,Yes
Duck,Lameness,Loss of appetite,Cough,Vomiting,Cough,No
Chicken,Fever,Loss of appetite,Swelling,Difficulty breathing,Fever,No
Chicken,Difficulty breathing,Cough,Fever,Diarrhea,Fever,No
Dog,Fever,Lameness,Diarrhea,Difficulty breathing,Fever,No
Chicken,Difficulty breathing,Difficulty breathing,Fever,Fever,Vomiting,No
Horse,Lethargy,Fever,Loss of appetite,Difficulty breathing,Skin rash,Yes
Chicken,Lameness,Vomiting,Diarrhea,Lameness,Difficulty breathing,No
Rabbit,Lethargy,Loss of appetite,Vomiting,Vomiting,Cough,No
Dog,Fever,Diarrhea,Vomiting,Cough,Skin rash,Yes
Rabbit,Lameness,Cough,Swelling,Vomiting,Lameness,Yes
Rabbit,Lethargy,Diarrhea,Fever,Loss of appetite,Diarrhea,No
Cow,Cough,Fever,Cough,Cough,Lethargy,No
Dog,Fever,Difficulty breathing,Loss of appetite,Loss of appetite,Skin rash,No
Rabbit,Lethargy,Cough,Vomiting,Loss of appetite,Lameness,Yes
Cow,Cough,Cough,Difficulty breathing,Fever,Cough,No
Cow,Cough,Swelling,Lethargy,Fever,Lethargy,No
Dog,Loss of appetite,Vomiting,Lethargy,Skin rash,Lethargy,Yes
Sheep,Fever,Cough,Skin rash,Lethargy,Skin rash,No
Duck,Cough,Swelling,Cough,Skin rash,Fever,Yes
Horse,Loss of appetite,Swelling,Lethargy,Skin rash,Loss of appetite,No
Duck,Lethargy,Fever,Skin rash,Lethargy,Cough,Yes
Chicken,Diarrhea,Lethargy,Fever,Diarrhea,Fever,Yes
Horse,Fever,Diarrhea,Vomiting,Cough,Cough,Yes
Chicken,Lameness,Difficulty breathing,Vomiting,Swelling,Loss of appetite,Yes
Rabbit,Difficulty breathing,Skin rash,Difficulty breathing,Skin rash,Diarrhea,No
Cat,Difficulty breathing,Diarrhea,Diarrhea,Difficulty breathing,Loss of appetite,Yes
Dog,Lethargy,Cough,Lethargy,Difficulty breathing,Swelling,No
Horse,Skin rash,Difficulty breathing,Fever,Loss of appetite,Skin rash,Yes
Horse,Skin rash,Loss of appetite,Lameness,Lethargy,Skin rash,No
Rabbit,Lethargy,Lethargy,Lethargy,Loss of appetite,Lameness,No
Sheep,Cough,Loss of appetite,Cough,Lameness,Fever,Yes
Cow,Fever,Loss of appetite,Diarrhea,Lameness,Lameness,No
Rabbit,Difficulty breathing,Vomiting,Lethargy,Swelling,Swelling,Yes
Pig,Difficulty breathing,Diarrhea,Fever,Fever,Loss of appetite,No
Cow,Cough,Skin rash,Lethargy,Fever,Skin rash,No
Dog,Difficulty breathing,Fever,Cough,Lethargy,Vomiting,No
Cow,Lameness,Skin rash,Lameness,Lethargy,Loss of appetite,No
Sheep,Fever,Loss of appetite,Loss of appetite,Skin rash,Loss of appetite,No
Cow,Swelling,Cough,Swelling,Lameness,Swelling,Yes
Dog,Difficulty breathing,Lethargy,Lameness,Skin rash,Diarrhea,Yes
Sheep,Lethargy,Lameness,Skin rash,Fever,Cough,No
Duck,Lameness,Skin rash,Lethargy,Cough,Swelling,No
Horse,Difficulty breathing,Loss of appetite,Vomiting,Cough,Cough,No
Horse,Lameness,Lethargy,Difficulty breathing,Lethargy,Skin rash,No
Chicken,Loss of appetite,Difficulty breathing,Vomiting,Loss of appetite,Swelling,No
Duck,Swelling,Diarrhea,Lameness,Fever,Cough,No
Duck,Vomiting,Swelling,Vomiting,Cough,Lameness,No
Cow,Lethargy,Vomiting,Fever,Fever,Swelling,No
Horse,Lethargy,Lethargy,Vomiting,Vomiting,Skin rash,No
Dog,Fever,Cough,Diarrhea,Difficulty breathing,Swelling,Yes
Goat,Lameness,Cough,Loss of appetite,Lameness,Skin rash,Yes
Goat,Cough,Lethargy,Lethargy,Skin rash,Swelling,No
Sheep,Lethargy,Cough,Vomiting,Fever,Cough,Yes
Horse,Lameness,Diarrhea,Cough,Difficulty breathing,Diarrhea,No
Horse,Lameness,Cough,Loss of appetite,Vomiting,Difficulty breathing,No
Goat,Diarrhea,Skin rash,Loss of appetite,Skin rash,Cough,No
Horse,Diarrhea,Swelling,Vomiting,Fever,Fever,No
Cow,Vomiting,Cough,Loss of appetite,Lethargy,Lethargy,No
Pig,Loss of appetite,Swelling,Difficulty breathing,Difficulty breathing,Diarrhea,No
Cat,Vomiting,Loss of appetite,Vomiting,Skin rash,Lameness,No
Duck,Difficulty breathing,Fever,Fever,Fever,Loss of appetite,No
Chicken,Cough,Diarrhea,Lameness,Difficulty breathing,Cough,No
Sheep,Difficulty breathing,Fever,Diarrhea,Vomiting,Swelling,No
Pig,Skin rash,Loss of appetite,Swelling,Fever,Cough,No
Goat,Difficulty breathing,Diarrhea,Skin rash,Fever,Vomiting,No
Duck,Fever,Lethargy,Loss of appetite,Fever,Diarrhea,No
Horse,Difficulty breathing,Lethargy,Fever,Swelling,Difficulty breathing,No
Chicken,Vomiting,Swelling,Lethargy,Lethargy,Lameness,No
Horse,Lethargy,Loss of appetite,Lethargy,Vomiting,Vomiting,No
Dog,Lethargy,Swelling,Skin rash,Skin rash,Skin rash,No
Dog,Diarrhea,Vomiting,Diarrhea,Swelling,Vomiting,No
Chicken,Cough,Cough,Loss of appetite,Loss of appetite,Cough,No
Chicken,Cough,Lameness,Difficulty breathing,Swelling,Lameness,No
Goat,Fever,Vomiting,Skin rash,Lameness,Cough,No
Chicken,Vomiting,Cough,Diarrhea,Lameness,Skin rash,No
Cow,Diarrhea,Diarrhea,Loss of appetite,Fever,Loss of appetite,No
Horse,Skin rash,Swelling,Fever,Swelling,Lameness,Yes
Pig,Cough,Diarrhea,Lameness,Loss of appetite,Loss of appetite,No
Rabbit,Lethargy,Diarrhea,Difficulty breathing,Swelling,Diarrhea,No
Chicken,Difficulty breathing,Cough,Swelling,Lethargy,Diarrhea,No
Sheep,Difficulty breathing,Loss of appetite,Lethargy,Lethargy,Loss of appetite,No
Dog,Diarrhea,Cough,Cough,Loss of appetite,Diarrhea,No
Cow,Vomiting,Difficulty breathing,Fever,Swelling,Lameness,No
Duck,Vomiting,Lethargy,Lethargy,Difficulty breathing,Swelling,Yes
Rabbit,Loss of appetite,Lethargy,Vomiting,Lethargy,Fever,No
Pig,Swelling,Vomiting,Cough,Lethargy,Diarrhea,No
Rabbit,Cough,Lethargy,Lethargy,Cough,Diarrhea,Yes
Chicken,Vomiting,Cough,Diarrhea,Swelling,Cough,Yes
Goat,Lethargy,Skin rash,Difficulty breathing,Lethargy,Loss of appetite,No
Dog,Diarrhea,Swelling,Lethargy,Vomiting,Lethargy,No
Dog,Skin rash,Cough,Swelling,Swelling,Difficulty breathing,Yes
Duck,Loss of appetite,Cough,Lameness,Lameness,Vomiting,No
Goat,Lameness,Lameness,Diarrhea,Cough,Diarrhea,No
Horse,Fever,Swelling,Fever,Lethargy,Vomiting,No
Cat,Skin rash,Difficulty breathing,Fever,Cough,Lameness,No
Cow,Lameness,Lethargy,Fever,Lameness,Lethargy,No
Dog,Difficulty breathing,Swelling,Fever,Loss of appetite,Difficulty breathing,No
Sheep,Fever,Lethargy,Lameness,Loss of appetite,Loss of appetite,No
Dog,Cough,Vomiting,Lethargy,Swelling,Fever,No
Rabbit,Lethargy,Swelling,Loss of appetite,Lameness,Difficulty breathing,Yes
Dog,Fever,Lethargy,Lethargy,Diarrhea,Difficulty breathing,No
Dog,Swelling,Difficulty breathing,Vomiting,Diarrhea,Fever,Yes
Cat,Lameness,Fever,Difficulty breathing,Swelling,Swelling,Yes
Cat,Cough,Diarrhea,Cough,Fever,Loss of appetite,Yes
Pig,Swelling,Diarrhea,Loss of appetite,Cough,Cough,Yes
Horse,Difficulty breathing,Difficulty breathing,Loss of appetite,Cough,Vomiting,No
Sheep,Swelling,Lameness,Lethargy,Loss of appetite,Diarrhea,Yes
Dog,Loss of appetite,Fever,Loss of appetite,Diarrhea,Difficulty breathing,No
Dog,Loss of appetite,Vomiting,Skin rash,Skin rash,Lameness,No
Cow,Diarrhea,Difficulty breathing,Skin rash,Lethargy,Fever,No
Cat,Skin rash,Diarrhea,Vomiting,Lethargy,Vomiting,Yes
Sheep,Skin rash,Diarrhea,Cough,Lethargy,Lethargy,No
Duck,Cough,Diarrhea,Swelling,Loss of appetite,Fever,No
Pig,Difficulty breathing,Loss of appetite,Lameness,Lameness,Lethargy,No
Horse,Vomiting,Difficulty breathing,Lethargy,Difficulty breathing,Loss of appetite,No
Goat,Loss of appetite,Cough,Lameness,Diarrhea,Difficulty breathing,No
Horse,Cough,Vomiting,Swelling,Diarrhea,Lameness,No
Rabbit,Vomiting,Diarrhea,Lethargy,Skin rash,Diarrhea,No
Dog,Skin rash,Lethargy,Lethargy,Cough,Lethargy,No
Pig,Diarrhea,Difficulty breathing,Cough,Fever,Vomiting,Yes
Rabbit,Swelling,Loss of appetite,Lameness,Swelling,Swelling,No
Sheep,Loss of appetite,Difficulty breathing,Skin rash,Cough,Loss of appetite,Yes
Goat,Cough,Vomiting,Fever,Lameness,Swelling,No
Cat,Fever,Loss of appetite,Lameness,Swelling,Loss of appetite,No
Pig,Vomiting,Vomiting,Difficulty breathing,Diarrhea,Cough,No
Pig,Swelling,Difficulty breathing,Difficulty breathing,Lameness,Vomiting,No
Dog,Loss of appetite,Cough,Lethargy,Swelling,Swelling,No
Chicken,Skin rash,Vomiting,Fever,Skin rash,Lameness,No
Pig,Difficulty breathing,Loss of appetite,Diarrhea,Skin rash,Difficulty breathing,No
Cow,Vomiting,Loss of appetite,Swelling,Vomiting,Fever,No
Goat,Skin rash,Vomiting,Vomiting,Difficulty breathing,Diarrhea,Yes
Goat,Loss of appetite,Skin rash,Fever,Skin rash,Difficulty breathing,No
Cow,Vomiting,Difficulty breathing,Vomiting,Diarrhea,Difficulty breathing,No
Duck,Swelling,Skin rash,Lameness,Fever,Loss of appetite,Yes
Cow,Loss of appetite,Lameness,Lameness,Lethargy,Lameness,No
Cow,Lameness,Difficulty breathing,Vomiting,Vomiting,Loss of appetite,Yes
Goat,Cough,Vomiting,Swelling,Lethargy,Skin rash,No
Horse,Swelling,Fever,Fever,Difficulty breathing,Lethargy,No
Goat,Vomiting,Vomiting,Diarrhea,Swelling,Diarrhea,No
Chicken,Difficulty breathing,Skin rash,Lethargy,Loss of appetite,Lethargy,Yes
Dog,Skin rash,Cough,Cough,Skin rash,Fever,Yes
Rabbit,Fever,Vomiting,Lameness,Fever,Skin rash,Yes
Horse,Skin rash,Vomiting,Difficulty breathing,Difficulty breathing,Vomiting,No
Cat,Vomiting,Cough,Swelling,Lethargy,Fever,No
Rabbit,Skin rash,Vomiting,Cough,Vomiting,Fever,No
Dog,Cough,Diarrhea,Diarrhea,Skin rash,Cough,No
Chicken,Loss of appetite,Fever,Loss of appetite,Diarrhea,Diarrhea,No
Chicken,Fever,Lethargy,Lethargy,Skin rash,Loss of appetite,No
Cat,Lethargy,Fever,Lameness,Vomiting,Lameness,No
Horse,Vomiting,Vomiting,Lethargy,Vomiting,Lethargy,No
Duck,Diarrhea,Diarrhea,Cough,Loss of appetite,Fever,No
Cow,Lethargy,Difficulty breathing,Lethargy,Skin rash,Lethargy,Yes
Horse,Skin rash,Vomiting,Loss of appetite,Skin rash,Lethargy,Yes
Duck,Vomiting,Skin rash,Cough,Loss of appetite,Vomiting,No
Chicken,Lameness,Diarrhea,Lameness,Lameness,Diarrhea,Yes
Goat,Diarrhea,Cough,Fever,Lameness,Diarrhea,No
Dog,Fever,Diarrhea,Difficulty breathing,Swelling,Swelling,No
Cat,Difficulty breathing,Cough,Cough,Lameness,Difficulty breathing,No
Dog,Lameness,Lameness,Skin rash,Cough,Diarrhea,No
Sheep,Lethargy,Lethargy,Loss of appetite,Skin rash,Lethargy,Yes
Sheep,Loss of appetite,Swelling,Cough,Fever,Loss of appetite,No
Horse,Cough,Diarrhea,Cough,Skin rash,Lethargy,No
Chicken,Difficulty breathing,Loss of appetite,Skin rash,Cough,Loss of appetite,No
Chicken,Lameness,Skin rash,Lameness,Cough,Swelling,No
Cow,Loss of appetite,Vomiting,Cough,Lethargy,Loss of appetite,No
Cow,Loss of appetite,Skin rash,Difficulty breathing,Skin rash,Diarrhea,No
Cow,Vomiting,Fever,Lethargy,Difficulty breathing,Vomiting,No
Goat,Lameness,Swelling,Lameness,Cough,Loss of appetite,Yes
Rabbit,Fever,Fever,Difficulty breathing,Fever,Lethargy,No
Pig,Skin rash,Lameness,Lameness,Loss of appetite,Lameness,No
Rabbit,Diarrhea,Swelling,Difficulty breathing,Swelling,Diarrhea,No
Dog,Diarrhea,Swelling,Loss of appetite,Lethargy,Lameness,No
Rabbit,Lethargy,Fever,Difficulty breathing,Loss of appetite,Skin rash,No
Goat,Lethargy,Cough,Vomiting,Lethargy,Skin rash,No
Dog,Diarrhea,Fever,Difficulty breathing,Fever,Lethargy,No
Rabbit,Fever,Skin rash,Fever,Vomiting,Skin rash,Yes
Goat,Cough,Cough,Fever,Skin rash,Difficulty breathing,No
Pig,Swelling,Skin rash,Swelling,Diarrhea,Swelling,Yes
Rabbit,Skin rash,Lameness,Vomiting,Difficulty breathing,Diarrhea,Yes
Goat,Cough,Vomiting,Vomiting,Loss of appetite,Lameness,No
Cow,Vomiting,Difficulty breathing,Lethargy,Skin rash,Lethargy,No
Chicken,Swelling,Cough,Vomiting,Difficulty breathing,Difficulty breathing,No
Cow,Swelling,Lameness,Lethargy,Vomiting,Lethargy,Yes
Chicken,Lameness,Loss of appetite,Swelling,Diarrhea,Difficulty breathing,No
Cat,Fever,Lameness,Swelling,Difficulty breathing,Skin rash,No
Cat,Fever,Fever,Loss of appetite,Difficulty breathing,Skin rash,No
Cat,Swelling,Fever,Fever,Loss of appetite,Loss of appetite,No
Pig,Lameness,Difficulty breathing,Difficulty breathing,Lameness,Cough,No
Cow,Skin rash,Lameness,Difficulty breathing,Diarrhea,Lethargy,No
Chicken,Swelling,Lethargy,Skin rash,Skin rash,Loss of appetite,No
Goat,Difficulty breathing,Vomiting,Skin rash,Vomiting,Diarrhea,Yes
Dog,Lethargy,Fever,Diarrhea,Diarrhea,Loss of appetite,No
Goat,Lethargy,Difficulty breathing,Lameness,Fever,Fever,No
Dog,Cough,Vomiting,Loss of appetite,Lameness,Skin rash,No
Sheep,Vomiting,Lameness,Diarrhea,Fever,Fever,Yes
Goat,Lethargy,Lameness,Diarrhea,Vomiting,Lethargy,No
Rabbit,Loss of appetite,Swelling,Cough,Loss of appetite,Lameness,No
Rabbit,Cough,Difficulty breathing,Cough,Loss of appetite,Lameness,No
Horse,Lethargy,Fever,Diarrhea,Vomiting,Diarrhea,Yes
Cow,Vomiting,Lethargy,Vomiting,Lethargy,Loss of appetite,No
Dog,Fever,Lameness,Lameness,Vomiting,Lameness,No
Dog,Fever,Lethargy,Loss of appetite,Lameness,Difficulty breathing,No
Cow,Skin rash,Lameness,Diarrhea,Cough,Difficulty breathing,Yes
Pig,Swelling,Fever,Difficulty breathing,Loss of appetite,Diarrhea,No
Horse,Difficulty breathing,Vomiting,Lameness,Swelling,Swelling,No
Pig,Fever,Diarrhea,Cough,Lameness,Skin rash,Yes
Pig,Lameness,Vomiting,Difficulty breathing,Lameness,Loss of appetite,Yes
Pig,Lethargy,Lameness,Cough,Lameness,Lethargy,No
Cow,Lameness,Skin rash,Cough,Difficulty breathing,Vomiting,Yes
Pig,Vomiting,Diarrhea,Lameness,Lameness,Vomiting,Yes
Rabbit,Fever,Diarrhea,Cough,Loss of appetite,Vomiting,No
Cat,Difficulty breathing,Lethargy,Swelling,Cough,Lameness,No
Sheep,Vomiting,Difficulty breathing,Fever,Cough,Swelling,Yes
Dog,Loss of appetite,Lethargy,Swelling,Lameness,Swelling,No
Dog,Loss of appetite,Lethargy,Fever,Fever,Loss of appetite,Yes
Sheep,Lameness,Skin rash,Skin rash,Loss of appetite,Loss of appetite,Yes
Cow,Swelling,Vomiting,Skin rash,Loss of appetite,Swelling,Yes
Goat,Cough,Vomiting,Cough,Diarrhea,Diarrhea,No
Cow,Swelling,Loss of appetite,Loss of appetite,Skin rash,Loss of appetite,Yes
Dog,Skin rash,Lameness,Loss of appetite,Lethargy,Diarrhea,Yes
Dog,Swelling,Skin rash,Fever,Lethargy,Fever,No
Sheep,Skin rash,Loss of appetite,Difficulty breathing,Fever,Difficulty breathing,No
Pig,Skin rash,Fever,Lameness,Lethargy,Skin rash,Yes
Cow,Difficulty breathing,Lameness,Cough,Diarrhea,Loss of appetite,No
Chicken,Fever,Lameness,Lameness,Vomiting,Swelling,Yes
Sheep,Difficulty breathing,Swelling,Swelling,Lethargy,Difficulty breathing,No
Rabbit,Skin rash,Swelling,Loss of appetite,Loss of appetite,Difficulty breathing,No
Dog,Vomiting,Cough,Vomiting,Vomiting,Cough,No
Sheep,Loss of appetite,Cough,Swelling,Lethargy,Swelling,No
Cow,Skin rash,Lethargy,Swelling,Loss of appetite,Skin rash,No
Dog,Difficulty breathing,Fever,Fever,Loss of appetite,Swelling,Yes
Goat,Vomiting,Diarrhea,Lethargy,Lameness,Loss of appetite,No
Sheep,Difficulty breathing,Diarrhea,Swelling,Cough,Lethargy,Yes
Horse,Swelling,Swelling,Cough,Fever,Fever,No
Dog,Lethargy,Swelling,Diarrhea,Diarrhea,Diarrhea,No
Cow,Lameness,Swelling,Diarrhea,Difficulty breathing,Lethargy,No
Cat,Cough,Skin rash,Cough,Skin rash,Fever,No
Chicken,Difficulty breathing,Difficulty breathing,Lethargy,Lethargy,Lethargy,No
Duck,Cough,Cough,Lethargy,Lethargy,Diarrhea,No
Pig,Diarrhea,Skin rash,Fever,Vomiting,Lameness,Yes
Duck,Difficulty breathing,Vomiting,Loss of appetite,Vomiting,Swelling,No
Cow,Lethargy,Diarrhea,Lameness,Skin rash,Lethargy,No
Rabbit,Cough,Lameness,Lethargy,Lethargy,Loss of appetite,No
Rabbit,Skin rash,Cough,Vomiting,Swelling,Skin rash,No
Cat,Difficulty breathing,Loss of appetite,Fever,Diarrhea,Vomiting,Yes
Pig,Fever,Vomiting,Skin rash,Lethargy,Loss of appetite,No
Horse,Lameness,Cough,Difficulty breathing,Cough,Diarrhea,No
Cat,Lethargy,Skin rash,Skin rash,Skin rash,Skin rash,Yes
Duck,Cough,Fever,Fever,Swelling,Loss of appetite,No
Cat,Lethargy,Lameness,Swelling,Diarrhea,Difficulty breathing,No
Duck,Vomiting,Cough,Lameness,Lethargy,Swelling,No
Dog,Lameness,Difficulty breathing,Difficulty breathing,Difficulty breathing,Skin rash,No
Rabbit,Skin rash,Swelling,Skin rash,Lameness,Difficulty breathing,Yes
Dog,Difficulty breathing,Swelling,Difficulty breathing,Cough,Loss of appetite,No
Chicken,Difficulty breathing,Lameness,Vomiting,Difficulty breathing,Fever,No
Pig,Difficulty breathing,Skin rash,Vomiting,Vomiting,Cough,No
Horse,Lameness,Swelling,Vomiting,Vomiting,Fever,No
Duck,Fever,Cough,Fever,Lethargy,Swelling,Yes
Horse,Diarrhea,Loss of appetite,Lameness,Vomiting,Skin rash,Yes
Duck,Loss of appetite,Diarrhea,Fever,Cough,Skin rash,No
Cow,Swelling,Diarrhea,Diarrhea,Diarrhea,Swelling,No
Cat,Cough,Vomiting,Swelling,Loss of appetite,Difficulty breathing,No
Chicken,Fever,Lethargy,Swelling,Fever,Cough,Yes
Rabbit,Skin rash,Fever,Vomiting,Skin rash,Loss of appetite,No
Duck,Cough,Lameness,Diarrhea,Diarrhea,Diarrhea,No
Horse,Difficulty breathing,Vomiting,Lethargy,Loss of appetite,Fever,No
Chicken,Lethargy,Lethargy,Lethargy,Swelling,Fever,Yes
Goat,Skin rash,Skin rash,Vomiting,Cough,Vomiting,No
Goat,Cough,Difficulty breathing,Skin rash,Difficulty breathing,Cough,No
Dog,Difficulty breathing,Difficulty breathing,Fever,Loss of appetite,Diarrhea,No
Rabbit,Cough,Fever,Vomiting,Cough,Fever,No
Cow,Lethargy,Swelling,Loss of appetite,Lameness,Diarrhea,No
Horse,Difficulty breathing,Cough,Difficulty breathing,Difficulty breathing,Loss of appetite,No
Cat,Diarrhea,Vomiting,Swelling,Vomiting,Skin rash,No
Cat,Fever,Vomiting,Lethargy,Vomiting,Diarrhea,Yes
Horse,Vomiting,Lameness,Cough,Difficulty breathing,Fever,No
Pig,Swelling,Lameness,Lethargy,Swelling,Difficulty breathing,Yes
Cow,Lameness,Difficulty breathing,Swelling,Swelling,Cough,No
Chicken,Swelling,Difficulty breathing,Difficulty breathing,Swelling,Swelling,No
Duck,Skin rash,Loss of appetite,Swelling,Loss of appetite,Lethargy,No
Pig,Swelling,Loss of appetite,Cough,Skin rash,Lameness,No
Duck,Difficulty breathing,Swelling,Vomiting,Loss of appetite,Lameness,Yes
Duck,Diarrhea,Loss of appetite,Diarrhea,Lethargy,Lethargy,No
Pig,Vomiting,Cough,Cough,Fever,Diarrhea,No
Dog,Fever,Cough,Swelling,Difficulty breathing,Cough,Yes
Goat,Fever,Vomiting,Swelling,Diarrhea,Diarrhea,No
Duck,Lethargy,Diarrhea,Loss of appetite,Fever,Swelling,Yes
Pig,Lameness,Cough,Loss of appetite,Lameness,Cough,No
Pig,Cough,Lethargy,Lameness,Loss of appetite,Lethargy,No
Sheep,Diarrhea,Difficulty breathing,Loss of appetite,Loss of appetite,Diarrhea,Yes
Dog,Cough,Lameness,Fever,Cough,Vomiting,No
Rabbit,Vomiting,Loss of appetite,Diarrhea,Fever,Fever,Yes
Sheep,Swelling,Vomiting,Difficulty breathing,Cough,Difficulty breathing,Yes
Sheep,Fever,Fever,Cough,Diarrhea,Skin rash,Yes
Horse,Vomiting,Lameness,Swelling,Cough,Difficulty breathing,No
Goat,Swelling,Lethargy,Lameness,Fever,Swelling,No
Pig,Fever,Loss of appetite,Lameness,Difficulty breathing,Diarrhea,No
Goat,Swelling,Lethargy,Difficulty breathing,Lameness,Loss of appetite,Yes
Cow,Lameness,Difficulty breathing,Diarrhea,Loss of appetite,Cough,Yes
Horse,Diarrhea,Difficulty breathing,Cough,Diarrhea,Diarrhea,No
Rabbit,Skin rash,Swelling,Lethargy,Loss of appetite,Cough,No
Goat,Vomiting,Vomiting,Loss of appetite,Lethargy,Skin rash,No
Cat,Vomiting,Lameness,Vomiting,Lameness,Vomiting,Yes
Duck,Loss of appetite,Skin rash,Lameness,Skin rash,Difficulty breathing,No
Cow,Difficulty breathing,Skin rash,Loss of appetite,Cough,Fever,No
Dog,Lameness,Lameness,Loss of appetite,Vomiting,Skin rash,No
Rabbit,Lameness,Fever,Fever,Fever,Skin rash,No
Cow,Cough,Vomiting,Diarrhea,Loss of appetite,Difficulty breathing,Yes
Duck,Swelling,Lethargy,Vomiting,Cough,Skin rash,No
Horse,Difficulty breathing,Fever,Lethargy,Diarrhea,Loss of appetite,No
Duck,Diarrhea,Diarrhea,Swelling,Loss of appetite,Loss of appetite,No
Sheep,Diarrhea,Lameness,Fever,Skin rash,Lameness,No
Duck,Lameness,Lethargy,Loss of appetite,Lameness,Lameness,No
Sheep,Diarrhea,Skin rash,Loss of appetite,Lameness,Loss of appetite,No
Horse,Loss of appetite,Cough,Skin rash,Loss of appetite,Lethargy,Yes
Chicken,Vomiting,Swelling,Vomiting,Diarrhea,Vomiting,No
Sheep,Lethargy,Skin rash,Vomiting,Lameness,Cough,No
Dog,Skin rash,Vomiting,Skin rash,Lameness,Vomiting,No
Duck,Cough,Difficulty breathing,Vomiting,Skin rash,Swelling,No
Duck,Swelling,Cough,Loss of appetite,Fever,Skin rash,Yes
Dog,Skin rash,Swelling,Lameness,Diarrhea,Fever,No
Cat,Swelling,Swelling,Cough,Diarrhea,Skin rash,No
Pig,Fever,Diarrhea,Loss of appetite,Difficulty breathing,Vomiting,Yes
Chicken,Skin rash,Diarrhea,Fever,Difficulty breathing,Loss of appetite,No
Rabbit,Lethargy,Loss of appetite,Diarrhea,Lameness,Difficulty breathing,Yes
Sheep,Lameness,Skin rash,Skin rash,Vomiting,Swelling,No
Dog,Loss of appetite,Skin rash,Lethargy,Difficulty breathing,Loss of appetite,No
Horse,Vomiting,Skin rash,Swelling,Lameness,Vomiting,No
Sheep,Vomiting,Loss of appetite,Lethargy,Swelling,Difficulty breathing,No
Pig,Loss of appetite,Fever,Loss of appetite,Lethargy,Fever,No
Horse,Difficulty breathing,Swelling,Fever,Lethargy,Vomiting,No
Cow,Fever,Cough,Loss of appetite,Diarrhea,Cough,No
Duck,Swelling,Vomiting,Diarrhea,Vomiting,Diarrhea,No
Cow,Lethargy,Swelling,Lameness,Skin rash,Difficulty breathing,No
Sheep,Diarrhea,Diarrhea,Swelling,Fever,Vomiting,Yes
Pig,Skin rash,Lethargy,Diarrhea,Difficulty breathing,Loss of appetite,No
Chicken,Fever,Difficulty breathing,Skin rash,Swelling,Cough,Yes
Sheep,Skin rash,Loss of appetite,Skin rash,Lameness,Lethargy,No
Dog,Lethargy,Lameness,Loss of appetite,Vomiting,Difficulty breathing,No
Goat,Cough,Lethargy,Fever,Diarrhea,Cough,No
Sheep,Cough,Vomiting,Diarrhea,Difficulty breathing,Loss of appetite,No
Duck,Fever,Skin rash,Difficulty breathing,Vomiting,Vomiting,No
Duck,Lameness,Diarrhea,Fever,Difficulty breathing,Skin rash,No
Sheep,Lethargy,Diarrhea,Lameness,Fever,Fever,Yes
Horse,Lethargy,Diarrhea,Skin rash,Fever,Skin rash,Yes
Goat,Loss of appetite,Skin rash,Loss of appetite,Skin rash,Diarrhea,Yes
Dog,Lameness,Lameness,Vomiting,Lethargy,Cough,No
Sheep,Swelling,Loss of appetite,Skin rash,Cough,Diarrhea,Yes
Horse,Swelling,Lethargy,Swelling,Cough,Fever,No
Duck,Diarrhea,Skin rash,Cough,Difficulty breathing,Cough,No
Duck,Vomiting,Vomiting,Vomiting,Skin rash,Lameness,Yes
Pig,Cough,Loss of appetite,Loss of appetite,Cough,Loss of appetite,No
Sheep,Swelling,Vomiting,Difficulty breathing,Diarrhea,Cough,No
Goat,Lameness,Loss of appetite,Vomiting,Cough,Loss of appetite,Yes
Cat,Lethargy,Lameness,Swelling,Loss of appetite,Skin rash,No
Goat,Swelling,Difficulty breathing,Fever,Lameness,Swelling,No
Duck,Lethargy,Vomiting,Difficulty breathing,Skin rash,Difficulty breathing,No
Duck,Swelling,Skin rash,Skin rash,Diarrhea,Swelling,No
Cow,Cough,Loss of appetite,Difficulty breathing,Vomiting,Vomiting,No
Duck,Skin rash,Diarrhea,Diarrhea,Diarrhea,Difficulty breathing,No
Dog,Swelling,Swelling,Swelling,Lethargy,Difficulty breathing,Yes
Rabbit,Lameness,Diarrhea,Vomiting,Vomiting,Lethargy,No
Sheep,Swelling,Fever,Diarrhea,Swelling,Difficulty breathing,No
Goat,Vomiting,Difficulty breathing,Difficulty breathing,Lameness,Fever,Yes
Rabbit,Cough,Difficulty breathing,Diarrhea,Lameness,Swelling,No
Horse,Lameness,Diarrhea,Lethargy,Lameness,Skin rash,No
Cat,Loss of appetite,Lethargy,Swelling,Lameness,Loss of appetite,No
Dog,Lameness,Lameness,Lameness,Difficulty breathing,Vomiting,No
Goat,Vomiting,Vomiting,Fever,Lameness,Difficulty breathing,No
Rabbit,Skin rash,Skin rash,Difficulty breathing,Lameness,Vomiting,No
Cat,Cough,Difficulty breathing,Swelling,Lameness,Skin rash,No
Cow,Loss of appetite,Diarrhea,Lameness,Skin rash,Vomiting,No
Dog,Vomiting,Diarrhea,Lameness,Difficulty breathing,Skin rash,No
Dog,Vomiting,Lameness,Loss of appetite,Fever,Difficulty breathing,No
Cow,Fever,Lameness,Diarrhea,Diarrhea,Skin rash,No
Sheep,Cough,Cough,Lameness,Diarrhea,Difficulty breathing,No
Cow,Lameness,Cough,Lethargy,Vomiting,Lethargy,No
Dog,Lethargy,Lethargy,Swelling,Skin rash,Lethargy,No
Dog,Skin rash,Lethargy,Cough,Loss of appetite,Skin rash,Yes
Rabbit,Lethargy,Fever,Cough,Diarrhea,Lethargy,No
Duck,Lameness,Lethargy,Difficulty breathing,Cough,Loss of appetite,No
Cat,Lameness,Loss of appetite,Skin rash,Loss of appetite,Loss of appetite,Yes
Cow,Cough,Lameness,Diarrhea,Lameness,Lethargy,No
Cat,Lameness,Skin rash,Skin rash,Lameness,Lethargy,No
Cow,Fever,Loss of appetite,Lameness,Difficulty breathing,Lameness,No
Horse,Loss of appetite,Vomiting,Swelling,Loss of appetite,Lameness,Yes
Dog,Lameness,Diarrhea,Difficulty breathing,Cough,Difficulty breathing,No
Duck,Lethargy,Lethargy,Vomiting,Difficulty breathing,Skin rash,No
Rabbit,Lameness,Diarrhea,Lameness,Vomiting,Diarrhea,Yes
Duck,Fever,Difficulty breathing,Diarrhea,Loss of appetite,Diarrhea,No
Duck,Swelling,Fever,Cough,Skin rash,Lethargy,No
Duck,Swelling,Difficulty breathing,Loss of appetite,Lameness,Vomiting,Yes
Cat,Vomiting,Fever,Swelling,Lameness,Lethargy,No
Cow,Skin rash,Cough,Fever,Lethargy,Lameness,No
Chicken,Diarrhea,Diarrhea,Skin rash,Difficulty breathing,Difficulty breathing,No
Horse,Loss of appetite,Fever,Difficulty breathing,Fever,Lethargy,Yes
Goat,Difficulty breathing,Swelling,Skin rash,Fever,Swelling,Yes
Duck,Vomiting,Loss of appetite,Swelling,Difficulty breathing,Vomiting,Yes
Sheep,Skin rash,Fever,Skin rash,Skin rash,Swelling,No
Cat,Swelling,Fever,Swelling,Swelling,Difficulty breathing,No
Rabbit,Lethargy,Loss of appetite,Skin rash,Difficulty breathing,Difficulty breathing,Yes
Goat,Difficulty breathing,Diarrhea,Lethargy,Skin rash,Loss of appetite,Yes
Chicken,Skin rash,Diarrhea,Vomiting,Vomiting,Cough,No
Sheep,Skin rash,Loss of appetite,Lameness,Lameness,Swelling,No
Chicken,Vomiting,Difficulty breathing,Lameness,Cough,Loss of appetite,No
Goat,Difficulty breathing,Swelling,Diarrhea,Swelling,Lameness,No
Duck,Cough,Skin rash,Fever,Loss of appetite,Fever,No
Sheep,Diarrhea,Vomiting,Fever,Swelling,Vomiting,Yes
Chicken,Cough,Swelling,Diarrhea,Cough,Fever,No
Rabbit,Difficulty breathing,Diarrhea,Loss of appetite,Lethargy,Skin rash,No
Cow,Cough,Skin rash,Lameness,Lameness,Lameness,No
Dog,Fever,Cough,Loss of appetite,Fever,Lameness,No
Cow,Swelling,Lethargy,Swelling,Skin rash,Fever,Yes
Goat,Fever,Fever,Swelling,Difficulty breathing,Swelling,Yes
Cat,Lameness,Loss of appetite,Cough,Difficulty breathing,Cough,No
Dog,Cough,Loss of appetite,Skin rash,Fever,Swelling,Yes
Horse,Lameness,Fever,Fever,Swelling,Fever,Yes
Rabbit,Lethargy,Lethargy,Cough,Lameness,Skin rash,Yes
Horse,Loss of appetite,Vomiting,Vomiting,Diarrhea,Swelling,Yes
Sheep,Lethargy,Lethargy,Diarrhea,Skin rash,Diarrhea,No
Dog,Difficulty breathing,Skin rash,Diarrhea,Vomiting,Swelling,Yes
Horse,Skin rash,Lethargy,Swelling,Cough,Difficulty breathing,No
Horse,Swelling,Skin rash,Lameness,Swelling,Loss of appetite,No
Chicken,Cough,Lethargy,Loss of appetite,Loss of appetite,Vomiting,No
Cow,Vomiting,Vomiting,Fever,Lethargy,Swelling,Yes
Chicken,Loss of appetite,Vomiting,Cough,Difficulty breathing,Cough,No
Dog,Diarrhea,Diarrhea,Loss of appetite,Swelling,Cough,Yes
Dog,Diarrhea,Fever,Cough,Lethargy,Swelling,No
Goat,Diarrhea,Vomiting,Skin rash,Cough,Lethargy,No
Chicken,Cough,Skin rash,Vomiting,Difficulty breathing,Lameness,No
Pig,Diarrhea,Vomiting,Vomiting,Difficulty breathing,Swelling,No
Cow,Fever,Diarrhea,Loss of appetite,Diarrhea,Lameness,No
Dog,Loss of appetite,Loss of appetite,Loss of appetite,Swelling,Diarrhea,No
Goat,Fever,Skin rash,Loss of appetite,Lameness,Fever,No
Chicken,Skin rash,Diarrhea,Cough,Fever,Diarrhea,No
Cow,Loss of appetite,Difficulty breathing,Skin rash,Fever,Swelling,No
Chicken,Fever,Difficulty breathing,Lethargy,Vomiting,Cough,No
Horse,Loss of appetite,Cough,Loss of appetite,Loss of appetite,Lethargy,No
Goat,Skin rash,Lethargy,Lameness,Lethargy,Skin rash,No
Cow,Lameness,Fever,Fever,Swelling,Lameness,No
Duck,Cough,Lameness,Fever,Skin rash,Loss of appetite,No
Sheep,Cough,Swelling,Cough,Loss of appetite,Lameness,Yes
Sheep,Diarrhea,Diarrhea,Loss of appetite,Diarrhea,Difficulty breathing,No
Cow,Lethargy,Loss of appetite,Swelling,Difficulty breathing,Vomiting,Yes
Chicken,Diarrhea,Swelling,Diarrhea,Lameness,Swelling,No
Goat,Difficulty breathing,Loss of appetite,Lethargy,Swelling,Diarrhea,Yes
Sheep,Fever,Swelling,Lameness,Loss of appetite,Loss of appetite,Yes
Goat,Loss of appetite,Diarrhea,Skin rash,Loss of appetite,Cough,No
Sheep,Lethargy,Lameness,Swelling,Lameness,Cough,No
Horse,Skin rash,Swelling,Vomiting,Vomiting,Cough,Yes
Chicken,Difficulty breathing,Diarrhea,Swelling,Lethargy,Skin rash,No
Horse,Skin rash,Vomiting,Cough,Lethargy,Difficulty breathing,Yes
Sheep,Cough,Lameness,Lethargy,Loss of appetite,Cough,Yes
Duck,Cough,Skin rash,Difficulty breathing,Cough,Cough,No
Duck,Diarrhea,Loss of appetite,Difficulty breathing,Loss of appetite,Swelling,No
Horse,Fever,Difficulty breathing,Loss of appetite,Loss of appetite,Difficulty breathing,Yes
Duck,Lethargy,Lethargy,Loss of appetite,Lameness,Lethargy,No
Sheep,Swelling,Difficulty breathing,Cough,Difficulty breathing,Lethargy,Yes
Cow,Difficulty breathing,Lameness,Skin rash,Lameness,Difficulty breathing,No
Horse,Difficulty breathing,Skin rash,Loss of appetite,Swelling,Vomiting,No
Cat,Diarrhea,Loss of appetite,Diarrhea,Loss of appetite,Skin rash,No
Chicken,Cough,Skin rash,Lethargy,Lethargy,Loss of appetite,No
Duck,Diarrhea,Swelling,Cough,Skin rash,Lameness,No
Duck,Loss of appetite,Loss of appetite,Fever,Lethargy,Swelling,No
Dog,Lethargy,Swelling,Vomiting,Fever,Fever,Yes
Pig,Fever,Diarrhea,Cough,Vomiting,Lethargy,No
Horse,Lameness,Lameness,Cough,Diarrhea,Difficulty breathing,No
Rabbit,Vomiting,Diarrhea,Difficulty breathing,Swelling,Loss of appetite,Yes
Duck,Vomiting,Cough,Lameness,Swelling,Difficulty breathing,Yes
Chicken,Diarrhea,Skin rash,Skin rash,Vomiting,Lameness,No
Cat,Loss of appetite,Swelling,Lameness,Skin rash,Loss of appetite,No
Duck,Lethargy,Vomiting,Diarrhea,Diarrhea,Lethargy,Yes
Cat,Swelling,Diarrhea,Fever,Difficulty breathing,Cough,Yes
Sheep,Vomiting,Cough,Difficulty breathing,Loss of appetite,Difficulty breathing,No
Sheep,Lethargy,Fever,Fever,Diarrhea,Fever,No
Pig,Fever,Difficulty breathing,Diarrhea,Skin rash,Lethargy,No
Cow,Skin rash,Loss of appetite,Lameness,Cough,Diarrhea,No
Rabbit,Loss of appetite,Cough,Cough,Fever,Fever,Yes
Dog,Cough,Lameness,Loss of appetite,Diarrhea,Vomiting,No
Pig,Lethargy,Diarrhea,Loss of appetite,Diarrhea,Skin rash,No
Goat,Fever,Lameness,Swelling,Fever,Lethargy,No
Dog,Swelling,Difficulty breathing,Vomiting,Loss of appetite,Cough,Yes
Horse,Lameness,Vomiting,Skin rash,Diarrhea,Lethargy,No
Chicken,Cough,Skin rash,Diarrhea,Fever,Lameness,No
Goat,Lameness,Skin rash,Vomiting,Fever,Loss of appetite,No
Goat,Swelling,Lameness,Skin rash,Fever,Difficulty breathing,No
Pig,Fever,Swelling,Vomiting,Lameness,Loss of appetite,Yes
Cow,Vomiting,Vomiting,Lameness,Skin rash,Loss of appetite,No
Pig,Lameness,Skin rash,Skin rash,Lameness,Lethargy,No
Horse,Cough,Vomiting,Lameness,Cough,Lameness,No
Duck,Diarrhea,Cough,Cough,Difficulty breathing,Difficulty breathing,No
Duck,Difficulty breathing,Vomiting,Difficulty breathing,Lameness,Difficulty breathing,No
Cow,Lethargy,Lethargy,Lameness,Lameness,Loss of appetite,No
Horse,Vomiting,Difficulty breathing,Loss of appetite,Skin rash,Vomiting,No
Cow,Lameness,Skin rash,Vomiting,Difficulty breathing,Skin rash,Yes
Cat,Skin rash,Vomiting,Swelling,Vomiting,Lameness,No
Duck,Lethargy,Lameness,Lethargy,Fever,Vomiting,No
Goat,Diarrhea,Fever,Skin rash,Swelling,Swelling,No
Rabbit,Swelling,Lethargy,Diarrhea,Difficulty breathing,Swelling,No
Chicken,Difficulty breathing,Lethargy,Swelling,Cough,Fever,No
Horse,Fever,Swelling,Loss of appetite,Loss of appetite,Loss of appetite,No
Dog,Diarrhea,Vomiting,Lameness,Cough,Difficulty breathing,No
Cow,Diarrhea,Swelling,Difficulty breathing,Fever,Lethargy,No
Chicken,Swelling,Swelling,Cough,Difficulty breathing,Difficulty breathing,No
Dog,Loss of appetite,Fever,Lethargy,Cough,Difficulty breathing,Yes
Chicken,Swelling,Cough,Fever,Cough,Cough,Yes
Rabbit,Loss of appetite,Vomiting,Swelling,Vomiting,Difficulty breathing,No
Dog,Loss of appetite,Diarrhea,Difficulty breathing,Vomiting,Fever,Yes
Pig,Vomiting,Skin rash,Fever,Difficulty breathing,Vomiting,Yes
Sheep,Vomiting,Swelling,Lethargy,Fever,Swelling,No
Pig,Cough,Difficulty breathing,Diarrhea,Lameness,Difficulty breathing,No
Duck,Lameness,Loss of appetite,Diarrhea,Lethargy,Difficulty breathing,No
Sheep,Lameness,Difficulty breathing,Vomiting,Diarrhea,Cough,No
Pig,Fever,Fever,Lethargy,Swelling,Lameness,No
Sheep,Lameness,Fever,Lethargy,Diarrhea,Lethargy,No
Sheep,Vomiting,Lameness,Fever,Skin rash,Lameness,Yes
Goat,Cough,Cough,Difficulty breathing,Vomiting,Lethargy,No
Cow,Cough,Skin rash,Skin rash,Difficulty breathing,Skin rash,No
Cow,Loss of appetite,Swelling,Fever,Diarrhea,Difficulty breathing,No
Goat,Swelling,Difficulty breathing,Cough,Fever,Cough,No
Chicken,Fever,Loss of appetite,Diarrhea,Swelling,Diarrhea,No
Cat,Loss of appetite,Fever,Diarrhea,Diarrhea,Loss of appetite,Yes
Chicken,Swelling,Fever,Vomiting,Swelling,Swelling,No
Dog,Lameness,Cough,Cough,Loss of appetite,Vomiting,No
Dog,Loss of appetite,Loss of appetite,Diarrhea,Fever,Swelling,No
Sheep,Lethargy,Loss of appetite,Fever,Lethargy,Vomiting,Yes
Pig,Lameness,Cough,Cough,Cough,Skin rash,No
Pig,Swelling,Fever,Fever,Swelling,Lameness,No
Cow,Fever,Skin rash,Skin rash,Fever,Fever,Yes
Horse,Swelling,Vomiting,Skin rash,Swelling,Difficulty breathing,No
Chicken,Loss of appetite,Vomiting,Diarrhea,Swelling,Diarrhea,No
Duck,Loss of appetite,Cough,Diarrhea,Lameness,Vomiting,No
Rabbit,Diarrhea,Loss of appetite,Difficulty breathing,Lameness,Loss of appetite,No
Pig,Fever,Swelling,Skin rash,Fever,Vomiting,No
Rabbit,Skin rash,Cough,Swelling,Lameness,Fever,No
Sheep,Lameness,Skin rash,Swelling,Skin rash,Swelling,No
Rabbit,Cough,Cough,Vomiting,Lethargy,Cough,Yes
Duck,Fever,Lethargy,Skin rash,Difficulty breathing,Swelling,No
Goat,Cough,Difficulty breathing,Fever,Fever,Skin rash,Yes
Duck,Fever,Loss of appetite,Fever,Fever,Cough,Yes
Rabbit,Fever,Lameness,Loss of appetite,Skin rash,Swelling,No
Duck,Swelling,Lameness,Cough,Vomiting,Loss of appetite,No
Cat,Fever,Loss of appetite,Lameness,Vomiting,Swelling,No
Sheep,Diarrhea,Skin rash,Swelling,Lameness,Loss of appetite,No
Chicken,Skin rash,Lethargy,Diarrhea,Difficulty breathing,Loss of appetite,No
Goat,Loss of appetite,Lethargy,Vomiting,Lameness,Cough,Yes
Pig,Difficulty breathing,Fever,Lameness,Loss of appetite,Lameness,No
Dog,Cough,Difficulty breathing,Lethargy,Loss of appetite,Lethargy,No
Chicken,Loss of appetite,Vomiting,Vomiting,Cough,Difficulty breathing,No
Dog,Difficulty breathing,Diarrhea,Lethargy,Loss of appetite,Vomiting,No
Sheep,Skin rash,Skin rash,Skin rash,Vomiting,Lethargy,No
Goat,Skin rash,Diarrhea,Lethargy,Lethargy,Fever,No
Cow,Cough,Diarrhea,Lethargy,Loss of appetite,Lameness,Yes
Pig,Cough,Loss of appetite,Difficulty breathing,Lameness,Lethargy,No
Cat,Skin rash,Lameness,Difficulty breathing,Swelling,Cough,No
Cow,Difficulty breathing,Lameness,Difficulty breathing,Fever,Fever,No
Sheep,Fever,Vomiting,Skin rash,Lethargy,Diarrhea,Yes
Chicken,Lameness,Loss of appetite,Lameness,Lethargy,Lameness,No
Cat,Lethargy,Diarrhea,Vomiting,Lameness,Lethargy,Yes
Duck,Loss of appetite,Swelling,Vomiting,Fever,Fever,No
Rabbit,Swelling,Lameness,Diarrhea,Vomiting,Diarrhea,No
Cat,Loss of appetite,Skin rash,Difficulty breathing,Lethargy,Swelling,Yes
Sheep,Swelling,Skin rash,Skin rash,Cough,Fever,No
Horse,Difficulty breathing,Fever,Diarrhea,Lameness,Cough,Yes
Rabbit,Swelling,Cough,Cough,Lethargy,Swelling,No
Dog,Cough,Swelling,Diarrhea,Difficulty breathing,Cough,No
Pig,Lameness,Lameness,Lameness,Fever,Lethargy,Yes
Dog,Lameness,Lethargy,Swelling,Loss of appetite,Difficulty breathing,Yes
Cat,Cough,Lameness,Lethargy,Lethargy,Lethargy,No
Dog,Diarrhea,Fever,Difficulty breathing,Lameness,Swelling,Yes
Sheep,Difficulty breathing,Skin rash,Swelling,Loss of appetite,Loss of appetite,Yes
Duck,Diarrhea,Diarrhea,Diarrhea,Cough,Lethargy,No
Chicken,Diarrhea,Lethargy,Skin rash,Loss of appetite,Swelling,No
Pig,Loss of appetite,Loss of appetite,Lethargy,Difficulty breathing,Fever,No
Dog,Skin rash,Difficulty breathing,Vomiting,Vomiting,Skin rash,Yes
Dog,Loss of appetite,Diarrhea,Fever,Lethargy,Lethargy,Yes
Cat,Skin rash,Difficulty breathing,Lethargy,Diarrhea,Fever,Yes
Chicken,Lethargy,Swelling,Lameness,Diarrhea,Cough,Yes
Cow,Swelling,Cough,Lameness,Loss of appetite,Lameness,No
Dog,Skin rash,Lethargy,Diarrhea,Skin rash,Difficulty breathing,No
Sheep,Cough,Vomiting,Cough,Fever,Cough,Yes
Horse,Loss of appetite,Lethargy,Lameness,Diarrhea,Cough,No
Pig,Difficulty breathing,Lameness,Lameness,Skin rash,Swelling,No
Dog,Swelling,Skin rash,Skin rash,Diarrhea,Loss of appetite,No
Sheep,Lethargy,Lameness,Diarrhea,Skin rash,Vomiting,No
Sheep,Skin rash,Lameness,Lethargy,Fever,Skin rash,No
Pig,Lethargy,Swelling,Cough,Swelling,Loss of appetite,Yes
Cow,Difficulty breathing,Diarrhea,Swelling,Diarrhea,Swelling,Yes
Sheep,Diarrhea,Vomiting,Fever,Difficulty breathing,Difficulty breathing,No
Horse,Lameness,Vomiting,Difficulty breathing,Lethargy,Skin rash,Yes
Sheep,Difficulty breathing,Lameness,Vomiting,Skin rash,Skin rash,No
Sheep,Vomiting,Difficulty breathing,Lameness,Lethargy,Swelling,No
Sheep,Difficulty breathing,Swelling,Diarrhea,Lameness,Diarrhea,No
Duck,Lethargy,Lameness,Difficulty breathing,Lameness,Cough,No
Duck,Cough,Cough,Vomiting,Fever,Lameness,No
Cow,Loss of appetite,Skin rash,Vomiting,Skin rash,Diarrhea,No
Dog,Cough,Diarrhea,Swelling,Cough,Swelling,No
Sheep,Lethargy,Loss of appetite,Swelling,Lameness,Diarrhea,Yes
Chicken,Loss of appetite,Cough,Swelling,Fever,Lameness,No
Dog,Vomiting,Difficulty breathing,Loss of appetite,Lameness,Swelling,Yes
Cow,Lameness,Lethargy,Loss of appetite,Lameness,Swelling,No
Goat,Swelling,Lethargy,Vomiting,Cough,Skin rash,No
Dog,Lethargy,Cough,Swelling,Diarrhea,Diarrhea,No
Dog,Skin rash,Lameness,Skin rash,Loss of appetite,Fever,No
Rabbit,Lethargy,Loss of appetite,Lameness,Swelling,Lethargy,No
Cat,Lethargy,Fever,Difficulty breathing,Lameness,Swelling,No
Rabbit,Loss of appetite,Fever,Difficulty breathing,Lameness,Diarrhea,Yes
Horse,Fever,Difficulty breathing,Loss of appetite,Difficulty breathing,Vomiting,No
Duck,Difficulty breathing,Lameness,Vomiting,Swelling,Difficulty breathing,No
Duck,Fever,Vomiting,Diarrhea,Cough,Vomiting,No
Cat,Vomiting,Vomiting,Lethargy,Lethargy,Diarrhea,No
Pig,Skin rash,Diarrhea,Lethargy,Skin rash,Cough,Yes
Pig,Lameness,Loss of appetite,Loss of appetite,Lameness,Cough,No
Cow,Diarrhea,Loss of appetite,Diarrhea,Loss of appetite,Diarrhea,No
Cat,Vomiting,Lethargy,Loss of appetite,Skin rash,Skin rash,No
Dog,Diarrhea,Swelling,Lethargy,Swelling,Skin rash,Yes
Pig,Diarrhea,Difficulty breathing,Diarrhea,Skin rash,Swelling,No
Sheep,Lameness,Fever,Swelling,Diarrhea,Lameness,No
Chicken,Cough,Difficulty breathing,Vomiting,Lameness,Lethargy,Yes
Dog,Fever,Vomiting,Difficulty breathing,Skin rash,Swelling,No
Horse,Lethargy,Vomiting,Skin rash,Lethargy,Vomiting,No
Sheep,Swelling,Cough,Cough,Lethargy,Lethargy,No
Sheep,Diarrhea,Diarrhea,Vomiting,Lameness,Vomiting,No
Cat,Skin rash,Loss of appetite,Swelling,Vomiting,Skin rash,No
Cow,Vomiting,Skin rash,Lethargy,Lethargy,Diarrhea,No
Horse,Cough,Difficulty breathing,Swelling,Skin rash,Lameness,No
Pig,Diarrhea,Vomiting,Loss of appetite,Fever,Vomiting,Yes
Cat,Cough,Swelling,Diarrhea,Lethargy,Skin rash,Yes
Pig,Cough,Lethargy,Difficulty breathing,Swelling,Lameness,No
Cat,Diarrhea,Fever,Lameness,Vomiting,Swelling,No
Cat,Loss of appetite,Diarrhea,Loss of appetite,Skin rash,Diarrhea,Yes
Cat,Difficulty breathing,Swelling,Vomiting,Cough,Difficulty breathing,No
Cow,Skin rash,Diarrhea,Loss of appetite,Difficulty breathing,Cough,No
Cat,Lethargy,Cough,Vomiting,Cough,Loss of appetite,Yes
Goat,Lethargy,Skin rash,Lameness,Diarrhea,Lameness,No
Chicken,Skin rash,Vomiting,Fever,Difficulty breathing,Difficulty breathing,Yes
Pig,Loss of appetite,Lethargy,Difficulty breathing,Diarrhea,Difficulty breathing,No
Dog,Lethargy,Swelling,Skin rash,Difficulty breathing,Lameness,No
Rabbit,Cough,Diarrhea,Skin rash,Difficulty breathing,Difficulty breathing,No
Horse,Lameness,Loss of appetite,Cough,Fever,Vomiting,Yes
Duck,Vomiting,Cough,Swelling,Loss of appetite,Difficulty breathing,No
Cow,Fever,Loss of appetite,Fever,Swelling,Skin rash,No
Dog,Lethargy,Lethargy,Skin rash,Cough,Lethargy,No
Sheep,Skin rash,Swelling,Loss of appetite,Lethargy,Vomiting,Yes
Goat,Lameness,Cough,Swelling,Skin rash,Difficulty breathing,No
Duck,Diarrhea,Swelling,Fever,Vomiting,Swelling,No
Rabbit,Difficulty breathing,Vomiting,Diarrhea,Swelling,Cough,No
Dog,Skin rash,Lameness,Diarrhea,Diarrhea,Diarrhea,No
Duck,Cough,Cough,Swelling,Fever,Difficulty breathing,No
Dog,Difficulty breathing,Loss of appetite,Vomiting,Diarrhea,Fever,No
Goat,Vomiting,Lethargy,Vomiting,Loss of appetite,Cough,Yes
Rabbit,Vomiting,Skin rash,Loss of appetite,Vomiting,Swelling,No
Sheep,Loss of appetite,Vomiting,Fever,Fever,Skin rash,Yes
Cat,Swelling,Lameness,Fever,Diarrhea,Difficulty breathing,No
Pig,Loss of appetite,Skin rash,Swelling,Loss of appetite,Skin rash,Yes
Sheep,Lameness,Fever,Lethargy,Skin rash,Difficulty breathing,No
Cat,Difficulty breathing,Vomiting,Diarrhea,Skin rash,Loss of appetite,Yes
Cow,Swelling,Lethargy,Fever,Diarrhea,Lethargy,No
Chicken,Diarrhea,Diarrhea,Swelling,Swelling,Skin rash,No
Horse,Cough,Cough,Lameness,Vomiting,Lethargy,Yes
Horse,Difficulty breathing,Swelling,Cough,Lameness,Cough,Yes
Pig,Loss of appetite,Lethargy,Lameness,Swelling,Loss of appetite,Yes
Rabbit,Fever,Cough,Difficulty breathing,Skin rash,Diarrhea,No
Goat,Swelling,Skin rash,Loss of appetite,Vomiting,Vomiting,No
Rabbit,Swelling,Swelling,Fever,Loss of appetite,Lethargy,No
Goat,Cough,Difficulty breathing,Difficulty breathing,Fever,Loss of appetite,Yes
Rabbit,Lethargy,Loss of appetite,Skin rash,Difficulty breathing,Lethargy,No
Chicken,Vomiting,Fever,Difficulty breathing,Diarrhea,Lameness,No
Cow,Vomiting,Vomiting,Swelling,Cough,Swelling,No
Cow,Fever,Lethargy,Fever,Vomiting,Diarrhea,No
Cat,Lameness,Fever,Cough,Lethargy,Swelling,Yes
Duck,Lameness,Diarrhea,Swelling,Loss of appetite,Difficulty breathing,Yes
Cow,Diarrhea,Cough,Swelling,Lameness,Lethargy,Yes
Cow,Difficulty breathing,Cough,Loss of appetite,Difficulty breathing,Difficulty breathing,Yes
Sheep,Skin rash,Lethargy,Loss of appetite,Lethargy,Fever,Yes
Sheep,Lethargy,Lameness,Diarrhea,Lameness,Lethargy,Yes
Cat,Loss of appetite,Lameness,Diarrhea,Cough,Loss of appetite,No
Duck,Skin rash,Difficulty breathing,Vomiting,Skin rash,Diarrhea,No
Pig,Skin rash,Loss of appetite,Lethargy,Swelling,Difficulty breathing,No
Sheep,Swelling,Swelling,Fever,Diarrhea,Lethargy,No
Pig,Fever,Diarrhea,Fever,Fever,Fever,No
Dog,Vomiting,Fever,Difficulty breathing,Lameness,Swelling,Yes
Sheep,Diarrhea,Lameness,Fever,Difficulty breathing,Loss of appetite,No
Chicken,Lameness,Difficulty breathing,Fever,Vomiting,Lameness,Yes
Duck,Fever,Difficulty breathing,Lethargy,Skin rash,Lethargy,No
Cat,Swelling,Lethargy,Skin rash,Vomiting,Lameness,No
Dog,Loss of appetite,Diarrhea,Diarrhea,Difficulty breathing,Cough,No
Duck,Diarrhea,Skin rash,Diarrhea,Vomiting,Diarrhea,Yes
Chicken,Swelling,Swelling,Cough,Lameness,Lethargy,Yes
Duck,Vomiting,Loss of appetite,Fever,Loss of appetite,Skin rash,No
Chicken,Vomiting,Vomiting,Lethargy,Vomiting,Fever,Yes
Chicken,Vomiting,Lethargy,Diarrhea,Swelling,Difficulty breathing,No
Pig,Fever,Swelling,Lethargy,Cough,Skin rash,No
Rabbit,Fever,Vomiting,Lameness,Fever,Cough,No
Dog,Lameness,Vomiting,Skin rash,Lameness,Diarrhea,No
Duck,Lameness,Diarrhea,Fever,Lethargy,Swelling,No
Goat,Loss of appetite,Diarrhea,Cough,Difficulty breathing,Loss of appetite,Yes
Dog,Diarrhea,Fever,Difficulty breathing,Skin rash,Lameness,No
Rabbit,Cough,Difficulty breathing,Diarrhea,Lameness,Cough,No
Dog,Cough,Swelling,Lameness,Loss of appetite,Difficulty breathing,No
Cow,Swelling,Lethargy,Lethargy,Skin rash,Loss of appetite,Yes
Goat,Vomiting,Cough,Loss of appetite,Swelling,Swelling,No
Rabbit,Diarrhea,Lethargy,Swelling,Difficulty breathing,Difficulty breathing,No
Pig,Skin rash,Fever,Fever,Skin rash,Fever,No
Duck,Fever,Loss of appetite,Fever,Vomiting,Lameness,No
Horse,Difficulty breathing,Difficulty breathing,Lameness,Lameness,Skin rash,Yes
Rabbit,Lethargy,Cough,Lethargy,Cough,Lethargy,No
Cat,Loss of appetite,Lameness,Vomiting,Difficulty breathing,Cough,No
Duck,Vomiting,Loss of appetite,Fever,Diarrhea,Lethargy,No
Rabbit,Vomiting,Diarrhea,Vomiting,Swelling,Loss of appetite,No
Cow,Vomiting,Vomiting,Loss of appetite,Fever,Lethargy,Yes
Horse,Fever,Lameness,Lameness,Difficulty breathing,Skin rash,No
Cow,Fever,Lethargy,Lethargy,Loss of appetite,Vomiting,No
Horse,Lethargy,Lethargy,Lethargy,Lameness,Loss of appetite,No
Cat,Skin rash,Diarrhea,Skin rash,Vomiting,Lameness,No
Duck,Diarrhea,Fever,Swelling,Fever,Difficulty breathing,No
Pig,Vomiting,Swelling,Diarrhea,Fever,Lameness,No
Cow,Cough,Lameness,Diarrhea,Swelling,Lethargy,Yes
Cow,Lameness,Lameness,Difficulty breathing,Skin rash,Diarrhea,No
Chicken,Cough,Skin rash,Cough,Loss of appetite,Loss of appetite,No
Horse,Swelling,Loss of appetite,Lameness,Skin rash,Difficulty breathing,No
Sheep,Cough,Difficulty breathing,Loss of appetite,Vomiting,Swelling,No
Duck,Swelling,Loss of appetite,Lethargy,Fever,Fever,No
Horse,Difficulty breathing,Swelling,Swelling,Loss of appetite,Lameness,No
Chicken,Lameness,Lethargy,Vomiting,Loss of appetite,Lameness,No
Dog,Cough,Lethargy,Lameness,Lethargy,Loss of appetite,Yes
Horse,Difficulty breathing,Lethargy,Difficulty breathing,Lameness,Diarrhea,No
Pig,Loss of appetite,Skin rash,Lameness,Fever,Lethargy,Yes
Duck,Diarrhea,Lethargy,Difficulty breathing,Fever,Lethargy,No
Chicken,Difficulty breathing,Swelling,Lethargy,Loss of appetite,Loss of appetite,Yes
Dog,Diarrhea,Diarrhea,Cough,Skin rash,Lameness,No
Goat,Cough,Difficulty breathing,Difficulty breathing,Fever,Difficulty breathing,No
Chicken,Skin rash,Swelling,Lethargy,Loss of appetite,Fever,No
Goat,Difficulty breathing,Difficulty breathing,Lethargy,Fever,Loss of appetite,No
Duck,Lameness,Swelling,Cough,Loss of appetite,Difficulty breathing,No
Cow,Cough,Lethargy,Diarrhea,Lethargy,Difficulty breathing,Yes
Chicken,Vomiting,Diarrhea,Lameness,Lameness,Swelling,No
Cat,Fever,Lameness,Fever,Loss of appetite,Skin rash,No
Goat,Difficulty breathing,Loss of appetite,Fever,Fever,Vomiting,Yes
Pig,Lameness,Vomiting,Vomiting,Vomiting,Fever,No
Cat,Loss of appetite,Diarrhea,Vomiting,Lameness,Cough,No
Rabbit,Vomiting,Lameness,Fever,Lethargy,Diarrhea,No
Rabbit,Loss of appetite,Fever,Loss of appetite,Loss of appetite,Vomiting,Yes
Dog,Cough,Swelling,Fever,Vomiting,Swelling,No
Cow,Fever,Fever,Vomiting,Loss of appetite,Fever,Yes
Duck,Difficulty breathing,Lameness,Swelling,Skin rash,Lethargy,Yes
Chicken,Difficulty breathing,Diarrhea,Vomiting,Fever,Vomiting,No
Sheep,Skin rash,Swelling,Loss of appetite,Difficulty breathing,Lethargy,No
Pig,Skin rash,Vomiting,Lameness,Swelling,Diarrhea,No
Goat,Cough,Lethargy,Fever,Cough,Lethargy,Yes
Duck,Cough,Swelling,Cough,Skin rash,Diarrhea,No
Cat,Fever,Swelling,Swelling,Vomiting,Fever,No
Rabbit,Skin rash,Diarrhea,Lethargy,Skin rash,Lameness,No
Pig,Lameness,Diarrhea,Loss of appetite,Diarrhea,Diarrhea,No
Sheep,Lameness,Lameness,Vomiting,Loss of appetite,Difficulty breathing,Yes
Chicken,Fever,Cough,Cough,Loss of appetite,Cough,No
Dog,Lameness,Swelling,Difficulty breathing,Cough,Cough,No
Sheep,Swelling,Loss of appetite,Diarrhea,Cough,Loss of appetite,Yes
Pig,Diarrhea,Swelling,Fever,Diarrhea,Cough,Yes
Sheep,Fever,Lameness,Diarrhea,Fever,Loss of appetite,Yes
Pig,Fever,Difficulty breathing,Loss of appetite,Swelling,Cough,Yes
Pig,Lethargy,Fever,Difficulty breathing,Difficulty breathing,Diarrhea,No
Horse,Vomiting,Lethargy,Difficulty breathing,Difficulty breathing,Difficulty breathing,No
Goat,Vomiting,Cough,Difficulty breathing,Lethargy,Lameness,Yes
Rabbit,Swelling,Vomiting,Lethargy,Lethargy,Lethargy,Yes
Horse,Skin rash,Vomiting,Loss of appetite,Fever,Swelling,No
Chicken,Cough,Vomiting,Lameness,Lethargy,Cough,No
Horse,Cough,Diarrhea,Diarrhea,Lethargy,Lameness,No
Cow,Loss of appetite,Vomiting,Lameness,Diarrhea,Lameness,No
Cow,Swelling,Lethargy,Cough,Diarrhea,Diarrhea,No
Rabbit,Fever,Fever,Skin rash,Lethargy,Fever,Yes
Sheep,Swelling,Vomiting,Swelling,Skin rash,Fever,Yes
Goat,Swelling,Swelling,Swelling,Lameness,Cough,No
Rabbit,Swelling,Swelling,Lameness,Lameness,Swelling,No
Pig,Vomiting,Diarrhea,Skin rash,Fever,Cough,No
Cat,Swelling,Lethargy,Skin rash,Difficulty breathing,Cough,No
Goat,Diarrhea,Fever,Fever,Cough,Loss of appetite,No
Goat,Cough,Cough,Cough,Fever,Difficulty breathing,Yes
Pig,Loss of appetite,Lameness,Loss of appetite,Lethargy,Difficulty breathing,No
Pig,Diarrhea,Fever,Skin rash,Diarrhea,Swelling,Yes
Dog,Loss of appetite,Lameness,Vomiting,Loss of appetite,Loss of appetite,Yes
Rabbit,Lethargy,Difficulty breathing,Swelling,Skin rash,Lameness,No
Pig,Loss of appetite,Lameness,Vomiting,Vomiting,Loss of appetite,No
Cow,Cough,Loss of appetite,Cough,Diarrhea,Cough,No
Chicken,Cough,Swelling,Skin rash,Lameness,Fever,No
Cat,Swelling,Lethargy,Diarrhea,Diarrhea,Vomiting,Yes
Rabbit,Difficulty breathing,Skin rash,Swelling,Skin rash,Swelling,Yes
Duck,Lethargy,Diarrhea,Fever,Cough,Lameness,No
Cow,Fever,Loss of appetite,Fever,Lethargy,Diarrhea,No
Sheep,Lameness,Lameness,Difficulty breathing,Loss of appetite,Vomiting,No
Pig,Loss of appetite,Vomiting,Lethargy,Lameness,Vomiting,No
Duck,Difficulty breathing,Lethargy,Skin rash,Lameness,Loss of appetite,No
Pig,Swelling,Loss of appetite,Cough,Swelling,Lethargy,No
Goat,Vomiting,Diarrhea,Swelling,Difficulty breathing,Vomiting,Yes
Cow,Fever,Swelling,Lethargy,Cough,Cough,No
Goat,Skin rash,Lethargy,Cough,Lameness,Skin rash,No
Dog,Difficulty breathing,Diarrhea,Lameness,Difficulty breathing,Fever,Yes
Goat,Vomiting,Difficulty breathing,Skin rash,Lameness,Fever,No
Dog,Lethargy,Difficulty breathing,Loss of appetite,Lethargy,Skin rash,No
Dog,Swelling,Diarrhea,Loss of appetite,Difficulty breathing,Difficulty breathing,No
Duck,Fever,Loss of appetite,Skin rash,Skin rash,Cough,Yes
Pig,Fever,Lethargy,Difficulty breathing,Swelling,Diarrhea,No
Sheep,Fever,Loss of appetite,Difficulty breathing,Lethargy,Vomiting,Yes
Goat,Lethargy,Cough,Loss of appetite,Skin rash,Difficulty breathing,No
Cow,Loss of appetite,Lameness,Diarrhea,Loss of appetite,Cough,Yes
Dog,Skin rash,Cough,Swelling,Cough,Loss of appetite,Yes
Pig,Lethargy,Difficulty breathing,Loss of appetite,Cough,Fever,No
Cat,Lameness,Swelling,Diarrhea,Vomiting,Difficulty breathing,No
Rabbit,Skin rash,Fever,Lethargy,Vomiting,Swelling,Yes
Duck,Cough,Lameness,Diarrhea,Difficulty breathing,Vomiting,Yes
Sheep,Swelling,Difficulty breathing,Lethargy,Cough,Vomiting,No
Horse,Lethargy,Loss of appetite,Cough,Difficulty breathing,Diarrhea,No
Duck,Vomiting,Loss of appetite,Vomiting,Vomiting,Lethargy,No
Cat,Skin rash,Loss of appetite,Cough,Loss of appetite,Swelling,Yes
Rabbit,Lameness,Swelling,Loss of appetite,Lameness,Vomiting,No
Cat,Cough,Cough,Lethargy,Skin rash,Lameness,Yes
Goat,Loss of appetite,Fever,Loss of appetite,Diarrhea,Swelling,Yes
Dog,Vomiting,Loss of appetite,Skin rash,Difficulty breathing,Vomiting,No
Sheep,Skin rash,Skin rash,Swelling,Loss of appetite,Skin rash,No
Chicken,Swelling,Lameness,Fever,Skin rash,Swelling,No
Dog,Vomiting,Lethargy,Loss of appetite,Cough,Cough,No
Chicken,Cough,Skin rash,Swelling,Lameness,Swelling,No
Rabbit,Vomiting,Fever,Diarrhea,Skin rash,Diarrhea,No
Pig,Diarrhea,Swelling,Cough,Swelling,Loss of appetite,No
Horse,Difficulty breathing,Fever,Diarrhea,Vomiting,Loss of appetite,Yes
Cow,Loss of appetite,Lethargy,Fever,Skin rash,Loss of appetite,Yes
Dog,Cough,Lameness,Lethargy,Diarrhea,Cough,No
Sheep,Vomiting,Lethargy,Skin rash,Loss of appetite,Difficulty breathing,No
Cat,Difficulty breathing,Diarrhea,Swelling,Lameness,Loss of appetite,Yes
Sheep,Difficulty breathing,Lameness,Skin rash,Lethargy,Fever,No
Rabbit,Vomiting,Fever,Vomiting,Skin rash,Cough,Yes
Chicken,Swelling,Loss of appetite,Loss of appetite,Fever,Difficulty breathing,No
Cat,Diarrhea,Fever,Lethargy,Diarrhea,Fever,Yes
Cow,Lethargy,Fever,Vomiting,Diarrhea,Fever,No
Cow,Diarrhea,Lameness,Lameness,Fever,Fever,No
Dog,Vomiting,Diarrhea,Loss of appetite,Swelling,Lameness,Yes
Rabbit,Loss of appetite,Fever,Diarrhea,Lethargy,Diarrhea,No
Pig,Lethargy,Skin rash,Cough,Vomiting,Diarrhea,No
Rabbit,Cough,Difficulty breathing,Swelling,Loss of appetite,Cough,No
Chicken,Diarrhea,Vomiting,Fever,Lameness,Fever,No
Sheep,Vomiting,Vomiting,Fever,Loss of appetite,Skin rash,No
Cow,Diarrhea,Fever,Diarrhea,Lethargy,Swelling,Yes
Sheep,Lethargy,Skin rash,Difficulty breathing,Loss of appetite,Difficulty breathing,No
Sheep,Lameness,Loss of appetite,Fever,Fever,Diarrhea,Yes
Sheep,Skin rash,Swelling,Swelling,Diarrhea,Loss of appetite,Yes
Cow,Diarrhea,Swelling,Diarrhea,Loss of appetite,Cough,Yes
Duck,Cough,Lameness,Lethargy,Difficulty breathing,Difficulty breathing,No
Goat,Cough,Vomiting,Fever,Skin rash,Cough,No
Chicken,Fever,Fever,Skin rash,Lethargy,Skin rash,Yes
Duck,Diarrhea,Swelling,Diarrhea,Swelling,Lameness,Yes
Chicken,Skin rash,Fever,Swelling,Difficulty breathing,Lameness,No
Cat,Swelling,Lameness,Skin rash,Fever,Fever,Yes
Rabbit,Difficulty breathing,Vomiting,Loss of appetite,Cough,Lameness,Yes
Rabbit,Skin rash,Lethargy,Loss of appetite,Fever,Cough,Yes
Horse,Difficulty breathing,Difficulty breathing,Fever,Swelling,Loss of appetite,No
Rabbit,Difficulty breathing,Difficulty breathing,Skin rash,Swelling,Fever,No
Cow,Lameness,Swelling,Cough,Difficulty breathing,Vomiting,No
Pig,Fever,Difficulty breathing,Loss of appetite,Skin rash,Difficulty breathing,No
Dog,Skin rash,Lethargy,Cough,Lethargy,Skin rash,No
Horse,Skin rash,Fever,Lethargy,Vomiting,Fever,No
Dog,Lameness,Lameness,Diarrhea,Diarrhea,Cough,No
Chicken,Diarrhea,Lethargy,Vomiting,Difficulty breathing,Difficulty breathing,No
Dog,Diarrhea,Lameness,Swelling,Swelling,Loss of appetite,Yes
Dog,Diarrhea,Lameness,Diarrhea,Cough,Lethargy,Yes
Horse,Loss of appetite,Vomiting,Swelling,Lameness,Skin rash,No
Cat,Difficulty breathing,Fever,Skin rash,Swelling,Cough,No
Sheep,Loss of appetite,Skin rash,Lethargy,Skin rash,Skin rash,No
Rabbit,Fever,Difficulty breathing,Lameness,Skin rash,Diarrhea,No
Rabbit,Lameness,Skin rash,Fever,Swelling,Lethargy,No
Cow,Skin rash,Vomiting,Swelling,Skin rash,Difficulty breathing,Yes
Horse,Difficulty breathing,Lameness,Swelling,Difficulty breathing,Lameness,No
Cow,Loss of appetite,Swelling,Skin rash,Swelling,Cough,No
Pig,Loss of appetite,Difficulty breathing,Cough,Swelling,Skin rash,No
Pig,Vomiting,Difficulty breathing,Diarrhea,Lethargy,Difficulty breathing,No
Cow,Loss of appetite,Fever,Lameness,Diarrhea,Lameness,No
Horse,Swelling,Diarrhea,Difficulty breathing,Cough,Loss of appetite,Yes
Cow,Skin rash,Cough,Fever,Skin rash,Loss of appetite,No
Rabbit,Swelling,Cough,Vomiting,Lethargy,Skin rash,Yes
Duck,Skin rash,Cough,Difficulty breathing,Vomiting,Fever,No
Goat,Lameness,Diarrhea,Diarrhea,Vomiting,Diarrhea,No
Dog,Skin rash,Fever,Fever,Loss of appetite,Fever,No
Goat,Swelling,Diarrhea,Swelling,Difficulty breathing,Diarrhea,No
Horse,Skin rash,Cough,Vomiting,Difficulty breathing,Cough,No
Goat,Lameness,Vomiting,Cough,Fever,Vomiting,No
Pig,Lameness,Lethargy,Lameness,Cough,Skin rash,No
Chicken,Fever,Lameness,Cough,Swelling,Swelling,No
Dog,Skin rash,Diarrhea,Lethargy,Skin rash,Skin rash,No
Sheep,Vomiting,Fever,Skin rash,Cough,Lethargy,No
Horse,Diarrhea,Fever,Fever,Loss of appetite,Lameness,Yes
Dog,Cough,Skin rash,Cough,Fever,Lethargy,No
Goat,Lameness,Lethargy,Difficulty breathing,Lethargy,Loss of appetite,No
Pig,Lethargy,Swelling,Skin rash,Cough,Diarrhea,Yes
Cat,Diarrhea,Difficulty breathing,Cough,Lethargy,Lameness,Yes
Duck,Difficulty breathing,Cough,Loss of appetite,Vomiting,Loss of appetite,Yes
Sheep,Skin rash,Swelling,Lethargy,Skin rash,Lameness,No
Duck,Swelling,Skin rash,Diarrhea,Loss of appetite,Fever,No
Dog,Cough,Cough,Lameness,Swelling,Loss of appetite,No
Pig,Lethargy,Lethargy,Lethargy,Skin rash,Fever,Yes
Pig,Diarrhea,Skin rash,Skin rash,Diarrhea,Fever,No
Goat,Skin rash,Cough,Loss of appetite,Difficulty breathing,Lameness,Yes
Rabbit,Fever,Lethargy,Fever,Loss of appetite,Difficulty breathing,No
Goat,Difficulty breathing,Loss of appetite,Difficulty breathing,Cough,Lethargy,No
Rabbit,Cough,Swelling,Lameness,Skin rash,Loss of appetite,Yes
Rabbit,Vomiting,Swelling,Lameness,Lameness,Swelling,No
Sheep,Fever,Difficulty breathing,Lethargy,Difficulty breathing,Difficulty breathing,Yes
Goat,Lethargy,Lethargy,Skin rash,Difficulty breathing,Lethargy,No
Cat,Cough,Diarrhea,Fever,Lameness,Loss of appetite,No
Cow,Fever,Loss of appetite,Swelling,Fever,Diarrhea,No
Cow,Difficulty breathing,Vomiting,Loss of appetite,Fever,Lethargy,Yes
Goat,Vomiting,Cough,Swelling,Lameness,Swelling,Yes
Goat,Fever,Loss of appetite,Difficulty breathing,Diarrhea,Skin rash,No
Duck,Loss of appetite,Lethargy,Fever,Vomiting,Cough,Yes
Sheep,Vomiting,Lameness,Fever,Lameness,Fever,No
Goat,Lethargy,Cough,Loss of appetite,Vomiting,Cough,No
Duck,Difficulty breathing,Fever,Vomiting,Skin rash,Difficulty breathing,Yes
Rabbit,Skin rash,Swelling,Swelling,Diarrhea,Skin rash,Yes
Pig,Swelling,Lethargy,Cough,Loss of appetite,Fever,No
Pig,Swelling,Fever,Lameness,Vomiting,Loss of appetite,No
Rabbit,Swelling,Difficulty breathing,Vomiting,Difficulty breathing,Difficulty breathing,No
Horse,Cough,Skin rash,Cough,Skin rash,Swelling,No
Duck,Lethargy,Vomiting,Skin rash,Difficulty breathing,Lameness,No
Duck,Difficulty breathing,Vomiting,Loss of appetite,Diarrhea,Loss of appetite,Yes
Rabbit,Vomiting,Fever,Skin rash,Vomiting,Lethargy,No
Cat,Cough,Swelling,Lameness,Lethargy,Lameness,No
Chicken,Lethargy,Difficulty breathing,Diarrhea,Diarrhea,Difficulty breathing,Yes
